"image-wrapper href","lazyloaded src","product-discount","d-flex href 2","col-12","col-12 href","col-12 2","product-price-not-discounted","product-price","w-100 href","d-none","lazyloading src","out-of-stock"
"https://www.cnc-marketi.com/urun/protex-3-14-mm-30-derece-gravur-ve-pcb-bicaklari","https://cncmarketi.tsoftstatic.com/urunprotex-3-14-mm-30-derece-gravur-ve-pcb-bicaklari-10273-11-O.jpg","0","https://www.cnc-marketi.com/srv/service/content-v5/sub-folder/3/1004/quick-view/1146/3a8b7d7d4849883b7282b042cfdbefe037ff86aa288d9aa73893ae34729737a3263c246cc9869e59c5e87f4378325004","Cnc Router Bıçakları","https://www.cnc-marketi.com/cnc-router-bicaklari","Protex Ø3.14 Mm 30 Derece Gravür Ve Pcb Bıçakları","242,61","242,61","javascript:void(0);","Sepete Ekle","",""
"https://www.cnc-marketi.com/urun/protex-3-mm-22-kesim-mfd-ahsap-plexsi-karbur-cnc-uc","https://cncmarketi.tsoftstatic.com/urunprotex-3-mm-22-kesim-mfd-ahsap-plexsi-karbur-cnc-uc-10272-11-O.jpg","0","https://www.cnc-marketi.com/srv/service/content-v5/sub-folder/3/1004/quick-view/1145/1a50b18984deb0ae12c25934a558ba946151b2cf6d57f2c320c5fb422eaba53ffb0de52f3fe8b880423624b764e65359","Cnc Router Bıçakları","https://www.cnc-marketi.com/cnc-router-bicaklari","Protex Ø3 Mm 22 Kesim Mfd Ahşap Plexsi Karbür Cnc Uç","200,62","200,62","javascript:void(0);","Sepete Ekle","",""
"https://www.cnc-marketi.com/urun/protex-4-mm-22-kesim-mfdf-ahsap-plexsi-karbur-uc","https://cncmarketi.tsoftstatic.com/urunprotex-4-mm-22-kesim-mfdf-ahsap-plexsi-karbur-uc-10274-11-O.jpg","39","https://www.cnc-marketi.com/srv/service/content-v5/sub-folder/3/1004/quick-view/1147/ad846f8ea4539526b952c78279fab458d0158e660691fb18a4fc340e7026540a1cb692dfd5dedaa89039fcbfd55fa729","Cnc Router Bıçakları","https://www.cnc-marketi.com/cnc-router-bicaklari","Protex Ø4 Mm 22 Kesim Mfdf Ahşap Plexsi Karbür Uç","294,45","179,62","javascript:void(0);","Sepete Ekle","",""
"https://www.cnc-marketi.com/urun/-5-mm-x-22-3d-isleme-karbur-freze-cnc-uclari","https://cncmarketi.tsoftstatic.com/urun-5-mm-x-22-3d-isleme-karbur-freze-cnc-uclari-10212-10-O.jpg","40","https://www.cnc-marketi.com/srv/service/content-v5/sub-folder/3/1004/quick-view/1089/80cdaee205eb588d1cbf504681eff302082f493ff0b7ada6ab3291594f790a6d3ca540dbfe30cdf16df99c2902a95e52","Cnc Router Bıçakları","https://www.cnc-marketi.com/cnc-router-bicaklari","Ø5 Mm X 22 3D İşleme Karbür Freze Cnc Uçları","441,16","264,70","javascript:void(0);","Sepete Ekle","",""
"https://www.cnc-marketi.com/urun/-4-mm-x-22-3d-isleme-karbur-freze-cnc-uclari","https://cncmarketi.tsoftstatic.com/urun-4-mm-x-22-3d-isleme-karbur-freze-cnc-uclari-10207-10-O.jpg","40","https://www.cnc-marketi.com/srv/service/content-v5/sub-folder/3/1004/quick-view/1084/5f5f3ee7bc7779f4053bf874cb500a67f626e7a4db3aca8b591395620188bfbd0c7510be3e5e9d2beffa9e3fa6871fa4","Cnc Router Bıçakları","https://www.cnc-marketi.com/cnc-router-bicaklari","Ø4 Mm X 22 3D İşleme Karbür Freze Cnc Uçları","294,45","176,67","javascript:void(0);","Sepete Ekle","",""
"https://www.cnc-marketi.com/urun/-3-mm-x-22-3d-isleme-karbur-freze-cnc-uclari","https://cncmarketi.tsoftstatic.com/urun-3-mm-x-22-3d-isleme-karbur-freze-cnc-uclari-10202-10-O.jpg","50","https://www.cnc-marketi.com/srv/service/content-v5/sub-folder/3/1004/quick-view/1079/52320deb27009f986a121e7549de24929fd46e74f1c3dad506daf6a6247d31a498a47041fb46022fc3cf23b83ab5a003","Cnc Router Bıçakları","https://www.cnc-marketi.com/cnc-router-bicaklari","Ø3 Mm X 22 3D İşleme Karbür Freze Cnc Uçları","200,62","100,31","javascript:void(0);","Sepete Ekle","",""
"https://www.cnc-marketi.com/urun/protex-5-mm-22-kesim-mfd-ahsap-plexsi-karbur-cnc-uc","https://cncmarketi.tsoftstatic.com/urunprotex-5-mm-22-kesim-mfd-ahsap-plexsi-karbur-cnc-uc-10275-11-O.jpg","39","https://www.cnc-marketi.com/srv/service/content-v5/sub-folder/3/1004/quick-view/1148/095599b7b19d52edafa62ee4ed84d0bfe3d2a90e39cfea4420e42ff5aafdc48927e5f668164e0258686584d3f73b5a60","Cnc Router Bıçakları","https://www.cnc-marketi.com/cnc-router-bicaklari","Protex Ø5 Mm 22 Kesim Mfd Ahşap Plexsi Karbür Cnc Uç","481,59","293,77","javascript:void(0);","Sepete Ekle","",""
"https://www.cnc-marketi.com/urun/4-eksen-divizor-karsit-puntasi","https://cncmarketi.tsoftstatic.com/urun4-eksen-divizor-karsit-puntasi-9408-33-O.png","39","https://www.cnc-marketi.com/srv/service/content-v5/sub-folder/3/1004/quick-view/335/0089ac512d6087a01855517e99f51ad1d8dadf7d0c31ef9784132cacb3e0124f788c6baf84f812e138599fe905284bdb","Promertech Teknoloji","https://www.cnc-marketi.com/promertech-teknoloji","4 Eksen Divizör Karşıt Puntası","6.760,97","4.124,19","javascript:void(0);","Sepete Ekle","",""
"https://www.cnc-marketi.com/urun/cnc-router-1500x800-m002-75","https://cncmarketi.tsoftstatic.com/uruncnc-router-1500x800-m002-75-9670-56-O.png","0","https://www.cnc-marketi.com/srv/service/content-v5/sub-folder/3/1004/quick-view/563/dda744455c715079eb883bd106ab163442139a28aee89e3d4d4be608b3d158ab5f12fc9a36b17fa96d0353971e526adf","Promertech","https://www.cnc-marketi.com/mrk","Cnc Router 1500X800 M002","180.000,00","180.000,00","javascript:void(0);","Sepete Ekle","",""
"https://www.cnc-marketi.com/urun/cnc-router-1500x800-m002-35","https://cncmarketi.tsoftstatic.com/uruncnc-router-1500x800-m002-35-9671-56-O.png","0","https://www.cnc-marketi.com/srv/service/content-v5/sub-folder/3/1004/quick-view/564/ba698849b85b33cbb935496c757f04353ab8ccd6b6a10afce75e4ea07ab38b495e7793189a5cf803021d062737b698c0","Promertech","https://www.cnc-marketi.com/mrk","Cnc Router 1500X800 M002","211.200,00","211.200,00","javascript:void(0);","Sepete Ekle","",""
"https://www.cnc-marketi.com/urun/cnc-router-1600x1100x220-m002","https://cncmarketi.tsoftstatic.com/uruncnc-router-1600x1100x220-m002-9672-56-O.png","0","https://www.cnc-marketi.com/srv/service/content-v5/sub-folder/3/1004/quick-view/565/e3cd8e3cb7951bfc4d39f472b9e7ad749084b2018f67a0816384f0828a9f87d0deefd7c2cb1641fc339ea69c2e29c3a9","Promertech","https://www.cnc-marketi.com/mrk","Cnc Router 1600X1100x220 M002","210.000,00","210.000,00","javascript:void(0);","Sepete Ekle","",""
"https://www.cnc-marketi.com/urun/cnc-router-2500x1400x220-2-2-m002","https://cncmarketi.tsoftstatic.com/uruncnc-router-2500x1400x220-2-2-m002-9673-56-O.png","0","https://www.cnc-marketi.com/srv/service/content-v5/sub-folder/3/1004/quick-view/566/ec95c021ab29012b1c415bd211aa6b8e7128ea9081799406ff996b9e68f3a2fc85b2d7aa12050bf75dd74c74dd99dbac","Promertech","https://www.cnc-marketi.com/mrk","Cnc Router 2500X1400x220 M002","228.000,00","228.000,00","javascript:void(0);","Sepete Ekle","",""
"https://www.cnc-marketi.com/urun/cnc-router-2500x1400x220-m0","https://cncmarketi.tsoftstatic.com/uruncnc-router-2500x1400x220-m0-9674-56-O.png","0","https://www.cnc-marketi.com/srv/service/content-v5/sub-folder/3/1004/quick-view/567/0da6ea06abeee2274388015733a033c38e3895d44be67ba0529f2966094e54adce09d265a8be66f33b68dca8c68ce1f2","Promertech","https://www.cnc-marketi.com/mrk","Cnc Router 2500X1400x220 M002","264.000,00","264.000,00","javascript:void(0);","Sepete Ekle","",""
"https://www.cnc-marketi.com/urun/cnc-router-4000x1600","https://cncmarketi.tsoftstatic.com/uruncnc-router-4000x1600-9675-56-O.png","0","https://www.cnc-marketi.com/srv/service/content-v5/sub-folder/3/1004/quick-view/568/b04e52ea228fbd6fa2223838738dd8b6373d04b7d4a107e9e5185cbd4b91ed33adc7564a50d452720759947c909f0a25","Promertech Teknoloji","https://www.cnc-marketi.com/promertech-teknoloji","Cnc Router 4000x1600","385.106,70","385.106,70","javascript:void(0);","Sepete Ekle","",""
"https://www.cnc-marketi.com/urun/cnc-router-4000x2100","https://cncmarketi.tsoftstatic.com/uruncnc-router-4000x2100-9676-56-O.png","0","https://www.cnc-marketi.com/srv/service/content-v5/sub-folder/3/1004/quick-view/569/9ed67a7d464ae5211efbe2781eb628c21c7c81553945670a6cdb8ded3224472803a63b67f7f05f799938b557879288ff","Promertech Teknoloji","https://www.cnc-marketi.com/promertech-teknoloji","Cnc Router 4000x2100","537.042,00","537.042,00","javascript:void(0);","Sepete Ekle","",""
"https://www.cnc-marketi.com/urun/cnc-router-5000x2100","https://cncmarketi.tsoftstatic.com/uruncnc-router-5000x2100-9677-57-O.png","0","https://www.cnc-marketi.com/srv/service/content-v5/sub-folder/3/1004/quick-view/570/f721d7962a87692466aa2e25ad3f5ae1d38653bfc4e3bc3199f8c5c827e1f7632fc5eca8546dd4b38d099dcf9289c04e","Promertech Teknoloji","https://www.cnc-marketi.com/promertech-teknoloji","Cnc Router 5000x2100","523.446,00","523.446,00","javascript:void(0);","Sepete Ekle","",""
"https://www.cnc-marketi.com/urun/cnc-router-6000x2100","https://cncmarketi.tsoftstatic.com/uruncnc-router-6000x2100-9678-57-O.png","0","https://www.cnc-marketi.com/srv/service/content-v5/sub-folder/3/1004/quick-view/571/9163214b7d24607c334e369c9bea51dc843637a5860c6ccaeecf5b46fc6f8d79acf8573d665002914f378f764b39dcda","Promertech Teknoloji","https://www.cnc-marketi.com/promertech-teknoloji","Cnc Router 6000x2100","528.000,00","528.000,00","javascript:void(0);","Sepete Ekle","",""
"https://www.cnc-marketi.com/urun/cnc-router-860x780-smc-4","https://cncmarketi.tsoftstatic.com/uruncnc-router-860x780-smc-4-9679-57-O.png","0","https://www.cnc-marketi.com/srv/service/content-v5/sub-folder/3/1004/quick-view/572/098f57386b0aded2d1dfadb073d52109aa7047623fe8d74c99c2b4a7a23ee48c7dc59eed9d81e9e83f54a49c198b2ead","Promertech","https://www.cnc-marketi.com/mrk","Cnc Router 860X780 SMC 4","187.200,00","187.200,00","javascript:void(0);","Sepete Ekle","",""
"https://www.cnc-marketi.com/urun/cnc-router-kare-kizak-2700-x-1100","https://cncmarketi.tsoftstatic.com/uruncnc-router-kare-kizak-2700-x-1100-9680-57-O.png","0","https://www.cnc-marketi.com/srv/service/content-v5/sub-folder/3/1004/quick-view/573/83cb425bd38488b5a1f188a0287ef2e4d51998ad5a6c0be2db207428fdcb530ba1f0cc880cb41484caa95245f8ddca8c","Promertech Teknoloji","https://www.cnc-marketi.com/promertech-teknoloji","Cnc Router Kare Kızak 2500 X 1100","154.042,68","154.042,68","javascript:void(0);","Sepete Ekle","",""
"https://www.cnc-marketi.com/urun/engraving-ve-yazi-ucu-bicagi-freze-6x22x60-derece","https://cncmarketi.tsoftstatic.com/urunengraving-ve-yazi-ucu-bicagi-freze-6x22x60-derece-9713-60-O.png","39","https://www.cnc-marketi.com/srv/service/content-v5/sub-folder/3/1004/quick-view/604/958f5c84c0a61b2ec761d74620d03a3c9c31c6bbbf8596df02ac12ff3030a7536f3772250cae7b622f8ebd7e1a945ee4","Cnc Router Bıçakları","https://www.cnc-marketi.com/cnc-router-bicaklari","Engraving ve Yazı Ucu Bıçağı Freze 6x22x60 Derece","352,51","215,03","javascript:void(0);","Sepete Ekle","",""
"https://www.cnc-marketi.com/urun/kompozit-derz-kanal-bicagi-freze-6x13x90-derece","https://cncmarketi.tsoftstatic.com/urunkompozit-derz-kanal-bicagi-freze-6x13x90-derece-9903-78-O.png","39","https://www.cnc-marketi.com/srv/service/content-v5/sub-folder/3/1004/quick-view/785/b4e9ad6a430e82126ac247a594528c276f4fde05ae351b46eba01b3f46e1a1a332949e307c91940148b461b768d6d941","Cnc Router Bıçakları","https://www.cnc-marketi.com/cnc-router-bicaklari","Kompozit Derz Kanal Bıçağı Freze 6x13x90 Derece","352,51","215,03","javascript:void(0);","Sepete Ekle","",""
"https://www.cnc-marketi.com/urun/kompozit-derz-kanal-bicagi-freze-6x16x120-derece","https://cncmarketi.tsoftstatic.com/urunkompozit-derz-kanal-bicagi-freze-6x16x120-derece-9904-78-O.jpg","39","https://www.cnc-marketi.com/srv/service/content-v5/sub-folder/3/1004/quick-view/786/2349613b67df904efe9d6a1a965585ca875cdb0f12e76f04d76aa941fdd8787fe8778075b22468dc23a5e0e1d9885776","Cnc Router Bıçakları","https://www.cnc-marketi.com/cnc-router-bicaklari","Kompozit Derz Kanal Bıçağı Freze 6x16x120 Derece","352,51","215,03","javascript:void(0);","Sepete Ekle","",""
"https://www.cnc-marketi.com/urun/kompozit-derz-kanal-bicagi-freze-6x22x90-derece","https://cncmarketi.tsoftstatic.com/urunkompozit-derz-kanal-bicagi-freze-6x22x90-derece-9905-78-O.png","39","https://www.cnc-marketi.com/srv/service/content-v5/sub-folder/3/1004/quick-view/787/d03f1c7833c48d69d0045f302cf4912d6248148be5f3ba5d449bf277cb7f56cb82fef1e7e9559d4bc361769fe18a6826","Cnc Router Bıçakları","https://www.cnc-marketi.com/cnc-router-bicaklari","Kompozit Derz Kanal Bıçağı Freze 6x22x90 Derece","352,51","215,03","javascript:void(0);","Sepete Ekle","",""
"https://www.cnc-marketi.com/urun/m10-helis-kilavuz","https://cncmarketi.tsoftstatic.com/urunm10-helis-kilavuz-9986-86-O.png","39","https://www.cnc-marketi.com/srv/service/content-v5/sub-folder/3/1004/quick-view/867/93f493cdc382ac6a224748946cd72adc75cd576cdd767b2fc3ae459b863e8c8937f699fa50ba1255041b17e91464895b","Promertech","https://www.cnc-marketi.com/mrk","M10 HELİS KILAVUZ","561,95","342,79","javascript:void(0);","Sepete Ekle","",""
"https://www.cnc-marketi.com/urun/m5-helis-kilavuz","https://cncmarketi.tsoftstatic.com/urunm5-helis-kilavuz-10053-93-O.png","39","https://www.cnc-marketi.com/srv/service/content-v5/sub-folder/3/1004/quick-view/934/a6ac8e24f91d5cb10c8f0d9bcc830762a17e7ab9c96e23e7a5fd0156dd59d05ec3bd434e125b74ccc63c3ec222d1654c","Promertech","https://www.cnc-marketi.com/mrk","M5 HELİS KILAVUZ","240,54","146,73","javascript:void(0);","Sepete Ekle","",""
"https://www.cnc-marketi.com/urun/m6-helis-kilavuz","https://cncmarketi.tsoftstatic.com/urunm6-helis-kilavuz-10076-95-O.png","39","https://www.cnc-marketi.com/srv/service/content-v5/sub-folder/3/1004/quick-view/959/df9099cc5456a4a1f3c40386dd4cf8fa4345fed025e52f7804b991dfd0ab24b954f97519a798964fd371d6c73347dd8e","Promertech","https://www.cnc-marketi.com/mrk","M6 HELİS KILAVUZ","320,89","195,74","javascript:void(0);","Sepete Ekle","",""
"https://www.cnc-marketi.com/urun/m8-helis-kilavuz","https://cncmarketi.tsoftstatic.com/urunm8-helis-kilavuz-10102-98-O.png","39","https://www.cnc-marketi.com/srv/service/content-v5/sub-folder/3/1004/quick-view/985/e634e24c9a52478852da4ef30af320a4f2074d461c4b7511b5547c93fa2b24567054dc634769c01b52000e9ac9c4a8d1","Promertech","https://www.cnc-marketi.com/mrk","M8 HELİS KILAVUZ","428,20","261,20","javascript:void(0);","Sepete Ekle","",""
"https://www.cnc-marketi.com/urun/-10-mm-jilet-arden-kesici-takim","https://cncmarketi.tsoftstatic.com/urun-10-mm-jilet-arden-kesici-takim-10195-10-O.jpg","39","https://www.cnc-marketi.com/srv/service/content-v5/sub-folder/3/1004/quick-view/1072/fb52728fa2546256946f372222bb7d3964cf0f676f27d96108c74469e8fa2cf660f845d820561605e1912cf21383d902","Cnc Router Bıçakları","https://www.cnc-marketi.com/cnc-router-bicaklari","Ø10 Mm Jilet Arden Kesici Takım","544,32","332,04","javascript:void(0);","Sepete Ekle","",""
"https://www.cnc-marketi.com/urun/-6-mm-x-22-3d-isleme-karbur-freze-cnc-uclari","https://cncmarketi.tsoftstatic.com/urun-6-mm-x-22-3d-isleme-karbur-freze-cnc-uclari-10213-10-O.jpg","45","https://www.cnc-marketi.com/srv/service/content-v5/sub-folder/3/1004/quick-view/1090/7dde3b91cf1228871d3b080e7a134afcf86fdefee427417a517905b614ac1b5384078acf05b466daf24ca7d9fa0446fc","Cnc Router Bıçakları","https://www.cnc-marketi.com/cnc-router-bicaklari","Ø6 Mm X 22 3D İşleme Karbür Freze Cnc Uçları","534,99","294,24","javascript:void(0);","Sepete Ekle","",""
"https://www.cnc-marketi.com/urun/-6x22-mfdf-ahsap-plexsi-aluminyum-parmak-freze-karbur-uc","https://cncmarketi.tsoftstatic.com/urun-6x22-mfdf-ahsap-plexsi-aluminyum-parmak-freze-karbur-uc-10214-10-O.jpg","39","https://www.cnc-marketi.com/srv/service/content-v5/sub-folder/3/1004/quick-view/1091/f53b89d08d7a3b6b2d963a797cea16a78a69b07b2ce0ff04b76f42d49c9563a9012f676d6f25f093ad5f1b75d30c4b59","Cnc Router Bıçakları","https://www.cnc-marketi.com/cnc-router-bicaklari","Ø6x22 Mfdf Ahşap Plexsi Alüminyum Parmak Freze Karbür Uç","534,99","326,34","javascript:void(0);","Sepete Ekle","",""
"https://www.cnc-marketi.com/urun/profesyonel-cnc-router-1300x2500","https://cncmarketi.tsoftstatic.com/urunprofesyonel-cnc-router-1300x2500-10243-11-O.png","0","https://www.cnc-marketi.com/srv/service/content-v5/sub-folder/3/1004/quick-view/1117/11f140130b287559a1d129765342fbe266b166f705d150ecf24970ec8f9151267556685432a61911274e2f0ac0c600e2","Promertech","https://www.cnc-marketi.com/mrk","Profesyonel Cnc Router 1300X2500","288.230,40","288.230,40","javascript:void(0);","Sepete Ekle","",""
"https://www.cnc-marketi.com/urun/profesyonel-cnc-router-2100x3000","https://cncmarketi.tsoftstatic.com/urunprofesyonel-cnc-router-2100x3000-10244-11-O.png","0","https://www.cnc-marketi.com/srv/service/content-v5/sub-folder/3/1004/quick-view/1118/031a2f1e1127df468500a2c42d0588035868353b92c251f365352d8b9a8b3d09f6863bc128bdd1444d9eb55e9af43df1","Promertech","https://www.cnc-marketi.com/mrk","Profesyonel Cnc Router 2100X3000","431.956,80","431.956,80","javascript:void(0);","Sepete Ekle","",""
"https://www.cnc-marketi.com/urun/profesyonel-cnc-router-2100x4000","https://cncmarketi.tsoftstatic.com/urunprofesyonel-cnc-router-2100x4000-10245-11-O.png","0","https://www.cnc-marketi.com/srv/service/content-v5/sub-folder/3/1004/quick-view/1119/89592d13d51f8aee4631510e38b702e3cea9acd131a7fad60f26f9670f3ed872a74706cb43ac108535f45b947ba8bacf","Promertech","https://www.cnc-marketi.com/mrk","Profesyonel Cnc Router 2100X4000","449.038,08","449.038,08","javascript:void(0);","Sepete Ekle","",""
"https://www.cnc-marketi.com/urun/torna-seti-karsit-puntasi","https://cncmarketi.tsoftstatic.com/uruntorna-seti-karsit-puntasi-10442-13-O.jpg","39","https://www.cnc-marketi.com/srv/service/content-v5/sub-folder/3/1004/quick-view/1306/748ba54a63f924f9f4442175fa5605e3600bb1a762ccf6779cd33c6a893ab251df8acbe295fe574c270969e56914bb81","Promertech Teknoloji","https://www.cnc-marketi.com/promertech-teknoloji","Torna Seti Karşıt Puntası","15.033,60","9.170,50","javascript:void(0);","Sepete Ekle","",""
"https://www.cnc-marketi.com/urun/torna-seti-karsit-sabit-punta-dahil","https://cncmarketi.tsoftstatic.com/uruntorna-seti-karsit-sabit-punta-dahil-10443-13-O.jpg","39","https://www.cnc-marketi.com/srv/service/content-v5/sub-folder/3/1004/quick-view/1307/e32b74ea107786973b6c0f2b15684a8fc747c827918c56d4733881451af7e393a53c666a3a0327e35b26d2aff265844b","Promertech Teknoloji","https://www.cnc-marketi.com/promertech-teknoloji","Torna Seti Karşıt Sabit Punta Dahil","30.093,12","18.356,80","javascript:void(0);","Sepete Ekle","",""
"https://www.cnc-marketi.com/urun/toz-emme-basligi-sokulebilir-100-mm-bogaz","https://cncmarketi.tsoftstatic.com/uruntoz-emme-basligi-sokulebilir-100-mm-bogaz-10444-13-O.png","45","https://www.cnc-marketi.com/srv/service/content-v5/sub-folder/3/1004/quick-view/1308/e24a240b8045450c543f8af4c96b77ba5b407e382962543be25dd8b91ee039daca9a1cac2dc0ab394bcceef700815498","Promertech Teknoloji","https://www.cnc-marketi.com/promertech-teknoloji","Toz Emme Başlığı Sökülebilir.=100 mm Boğaz","2.541,20","1.397,66","javascript:void(0);","Sepete Ekle","",""
"https://www.cnc-marketi.com/urun/toz-emme-basligi-sokulebilir-90mm-bogaz","https://cncmarketi.tsoftstatic.com/uruntoz-emme-basligi-sokulebilir-90mm-bogaz-10445-13-O.png","45","https://www.cnc-marketi.com/srv/service/content-v5/sub-folder/3/1004/quick-view/1309/d8c0740c7c7397fa18d37c5a1d995e55fa3f0262c32de5e0c931d466e941cc80a7445c697cc06feb70716d1d011ccf86","Promertech Teknoloji","https://www.cnc-marketi.com/promertech-teknoloji","Toz Emme Başlığı Sökülebilir.=90mm Boğaz","2.541,20","1.397,66","javascript:void(0);","Sepete Ekle","",""
"https://www.cnc-marketi.com/urun/toz-emme-fircasi-metre","https://cncmarketi.tsoftstatic.com/uruntoz-emme-fircasi-metre-10446-13-O.png","39","https://www.cnc-marketi.com/srv/service/content-v5/sub-folder/3/1004/quick-view/1310/881e5704193aa73967277bab00c9916d2ccb40c19ebe6b874dff710129edc6d4f334b7f63189ba2a88c1e40857d374e2","Promertech Teknoloji","https://www.cnc-marketi.com/promertech-teknoloji","Toz Emme Fırçası Metre","559,87","341,52","javascript:void(0);","Sepete Ekle","",""
"https://www.cnc-marketi.com/urun/z-eksen-modulu-kare-kizak","","20","https://www.cnc-marketi.com/srv/service/content-v5/sub-folder/3/1004/quick-view/1406/a9e4c13f2a8c3a25cdd57e0fcc1fd813a5e11e92f75d2bcde66daaa2527dc96157060d5a797690a443edcfc54853a7b1","Promertech Teknoloji","https://www.cnc-marketi.com/promertech-teknoloji","Z Eksen Modülü Kare Kızak","18.149,18","14.519,35","javascript:void(0);","Sepete Ekle","https://cncmarketi.tsoftstatic.com/urunz-eksen-modulu-kare-kizak-10545-14-O.png",""
"https://www.cnc-marketi.com/urun/ekonomik-cnc-makinesi","","0","https://www.cnc-marketi.com/srv/service/content-v5/sub-folder/3/1004/quick-view/1469/3cafc02e53178ec410167627027b2e355be6aa4f392c80d03276c3e59a286725b8e3692e9784acde9c53f8df9fa835ce","Cnc Router","https://www.cnc-marketi.com/cnc-router","Ekonomik Cnc Makinesi","69,47","69,47","","","https://cncmarketi.tsoftstatic.com/urunekonomik-cnc-makinesi-9712-14-O.jpg","Çok Yakında Stoklarda"
"https://www.cnc-marketi.com/urun/cnc-ahsap-oyma-makinesi-fiyatlari","","0","https://www.cnc-marketi.com/srv/service/content-v5/sub-folder/3/1004/quick-view/1456/b0ae4e86b63f44de2e9977da5fbe79922831ac92098b4aba3a653bc482c9e3a48b0d26634695ba2a7c47227a264a5781","Cnc Router","https://www.cnc-marketi.com/cnc-router","Cnc Ahşap Oyma Makinesi Fiyatları","69,47","69,47","","","","Çok Yakında Stoklarda"
"https://www.cnc-marketi.com/urun/cnc-ahsap-router","","0","https://www.cnc-marketi.com/srv/service/content-v5/sub-folder/3/1004/quick-view/1457/bf3e9b73b2edf7a37feac8f6606bfda2a401d8bb87078d7bf939e5f7e3f3f7cce5e446d905ad5d150154f0ed3be7e2df","Cnc Router","https://www.cnc-marketi.com/cnc-router","Cnc Ahşap Router","69,47","69,47","","","","Çok Yakında Stoklarda"
"https://www.cnc-marketi.com/urun/cnc-freze","","0","https://www.cnc-marketi.com/srv/service/content-v5/sub-folder/3/1004/quick-view/1458/6722431e3233d6114929470e39b182a076054a5536b7d05a3864df1ae7476a4a8123e922ac9fdd44dc1fa653fbecf253","Cnc Router","https://www.cnc-marketi.com/cnc-router","Cnc Freze","69,47","69,47","","","","Çok Yakında Stoklarda"
"https://www.cnc-marketi.com/urun/cnc-freze-makinesi","","0","https://www.cnc-marketi.com/srv/service/content-v5/sub-folder/3/1004/quick-view/1459/df57bb1068a62cd83673eaf4666d2fe7bdb56816ffda913c102cb95beff36c892254ee6f929a2f044e6e1c5b9762e14f","Cnc Router","https://www.cnc-marketi.com/cnc-router","Cnc Freze Makinesi","69,47","69,47","","","","Çok Yakında Stoklarda"
"https://www.cnc-marketi.com/urun/cnc-machine","","0","https://www.cnc-marketi.com/srv/service/content-v5/sub-folder/3/1004/quick-view/1460/92c13ec6d69ee13dc327d1cd4bbf393c063fa895b748354971a6e063160af15d99eaa6e34e809b8069c1cd15322c4c2e","Cnc Router","https://www.cnc-marketi.com/cnc-router","Cnc Machine","69,47","69,47","","","","Çok Yakında Stoklarda"
"https://www.cnc-marketi.com/urun/cnc-makina","","0","https://www.cnc-marketi.com/srv/service/content-v5/sub-folder/3/1004/quick-view/1461/9659fa3f3432d57d3cbcda7de22212c197c5ee4b9faecc2a2bb2d0b29f45922ad04edfcab1ba6d7b132ed30b28b75122","Cnc Router","https://www.cnc-marketi.com/cnc-router","Cnc Makina","69,47","69,47","","","","Çok Yakında Stoklarda"
"https://www.cnc-marketi.com/urun/cnc-makinesi","","0","https://www.cnc-marketi.com/srv/service/content-v5/sub-folder/3/1004/quick-view/1462/0199a473059a0f38ad85c055efd380b505ec5fe0e486be520e615144aa44919fa4f2469ebd3627981937cb1fcb8b6bfb","Cnc Router","https://www.cnc-marketi.com/cnc-router","Cnc Makinesi","69,47","69,47","","","","Çok Yakında Stoklarda"
"https://www.cnc-marketi.com/urun/cnc-mermer","","0","https://www.cnc-marketi.com/srv/service/content-v5/sub-folder/3/1004/quick-view/1463/02f87b08fe2222560fc82ff8b84b2dbbb1a9d5aba9e20f245cb4bbef8c6b44ef5ea5c5ff62f3ad441c5cf44b844431c9","Cnc Router","https://www.cnc-marketi.com/cnc-router","Cnc Mermer","69,47","69,47","","","","Çok Yakında Stoklarda"
"https://www.cnc-marketi.com/urun/cnc-mermer-kesim-makinasi-fiyatlari","","0","https://www.cnc-marketi.com/srv/service/content-v5/sub-folder/3/1004/quick-view/1464/1e45feecf54a564e2f80916d84a0c7f7cb77e5be12f8ec874b39c2c71f0fff3ccc6f43cee3dcb034b3321adbdfba8164","Cnc Router","https://www.cnc-marketi.com/cnc-router","Cnc Mermer Kesim Makinası Fiyatları","69,47","69,47","","","","Çok Yakında Stoklarda"
"https://www.cnc-marketi.com/urun/cnc-mobilya-isleme","","0","https://www.cnc-marketi.com/srv/service/content-v5/sub-folder/3/1004/quick-view/1465/a108e359fc53c15dea44f37aaa2c858cf9c6a6e325ef05265354892069cfba8f9c3e224ef535dee96d71929e69c33553","Cnc Router","https://www.cnc-marketi.com/cnc-router","Cnc Mobilya İşleme","69,47","69,47","","","","Çok Yakında Stoklarda"
"https://www.cnc-marketi.com/urun/cnc-modelleri","","0","https://www.cnc-marketi.com/srv/service/content-v5/sub-folder/3/1004/quick-view/1466/e72964c518acbc99492c720c57347654bddf518b860cd32fefe77884c87058e511d7faf2185f5bab7a8504a835767a1a","Cnc Router","https://www.cnc-marketi.com/cnc-router","Cnc Modelleri","69,47","69,47","","","","Çok Yakında Stoklarda"
"https://www.cnc-marketi.com/urun/cnc-plastik-kesim","","0","https://www.cnc-marketi.com/srv/service/content-v5/sub-folder/3/1004/quick-view/1467/c20b1efbd60664d47c809edc3f4b9b9c0ffec467ee7d92024dd3c383ee71b192ab0d67ca132aef832ab8424903938b26","Cnc Router","https://www.cnc-marketi.com/cnc-router","Cnc Plastik Kesim","69,47","69,47","","","","Çok Yakında Stoklarda"
"https://www.cnc-marketi.com/urun/cnc-ahsap-kesim-makinasi-fiyatlari","","0","https://www.cnc-marketi.com/srv/service/content-v5/sub-folder/3/1004/quick-view/1455/46b93681610cacf47932dd7b824591a2c3dc40abd3bfd5779611db3d036f4208864814b8f5dca2fc33f37260824aa6b1","Cnc Router","https://www.cnc-marketi.com/cnc-router","Cnc Ahşap Kesim Makinası Fiyatları","69,47","69,47","","","","Çok Yakında Stoklarda"
"https://www.cnc-marketi.com/urun/ev-tipi-cnc","","0","https://www.cnc-marketi.com/srv/service/content-v5/sub-folder/3/1004/quick-view/1470/3522ca1493c13c6c3934891ee49dcb7824f9000216840074ce2460f741a184bf738c9be29dfa703352ebc6fd2c2e0c32","Cnc Router","https://www.cnc-marketi.com/cnc-router","Ev Tipi Cnc","69,47","69,47","","","","Çok Yakında Stoklarda"
"https://www.cnc-marketi.com/urun/evye-yeri-acma-cnc-makinesi","","0","https://www.cnc-marketi.com/srv/service/content-v5/sub-folder/3/1004/quick-view/1471/7d2e41c39a08ffa9b95a8ac31d39bf08a73599c5efe65681ae0ffee2291134c7242584fef0584c4b0ac35ed1e8511397","Cnc Router","https://www.cnc-marketi.com/cnc-router","Evye Yeri Açma Cnc Makinesi","69,47","69,47","","","","Çok Yakında Stoklarda"
"https://www.cnc-marketi.com/urun/kapi-ebatlama-cnc","","0","https://www.cnc-marketi.com/srv/service/content-v5/sub-folder/3/1004/quick-view/1473/c8318c5c75ec95c6799a7bb16cb95e66b6e5c30d9c3eec6b8ef0d0429dc1270ea46b789115ce737bb90d6af2c9f25904","Cnc Router","https://www.cnc-marketi.com/cnc-router","Kapı Ebatlama Cnc","69,47","69,47","","","","Çok Yakında Stoklarda"
"https://www.cnc-marketi.com/urun/kapi-motifi-isleme-cnc","","0","https://www.cnc-marketi.com/srv/service/content-v5/sub-folder/3/1004/quick-view/1474/03fd35864664e3643135c1fa51c5effbef0550823f6f2d4132c52cac35a2a5f08c15d3b46dfebb2707ec672616d30c7d","Cnc Router","https://www.cnc-marketi.com/cnc-router","Kapı Motifi İşleme Cnc","69,47","69,47","","","https://cncmarketi.tsoftstatic.com/urunkapi-motifi-isleme-cnc-9886-14-O.jpg","Çok Yakında Stoklarda"
"https://www.cnc-marketi.com/urun/mobilya-cnc","","0","https://www.cnc-marketi.com/srv/service/content-v5/sub-folder/3/1004/quick-view/1475/e26e0d72914f40242dc9586b01ffa242294d32d6aa324db768648fcf9fad1821d047c39b5dc54bbc134a330493048d47","Cnc Router","https://www.cnc-marketi.com/cnc-router","Mobilya Cnc","69,47","69,47","","","https://cncmarketi.tsoftstatic.com/urunmobilya-cnc-10129-14-O.jpg","Çok Yakında Stoklarda"
"https://www.cnc-marketi.com/urun/mobilya-cnc-makinesi","","0","https://www.cnc-marketi.com/srv/service/content-v5/sub-folder/3/1004/quick-view/1476/80e699763dff839cbb81aa927ce7ee724f3cc4309cd265931b9e66914e9caf24ca631ada0faac528a5cbe7aba269d636","Cnc Router","https://www.cnc-marketi.com/cnc-router","Mobilya Cnc Makinesi","69,47","69,47","","","https://cncmarketi.tsoftstatic.com/urunmobilya-cnc-makinesi-10130-14-O.jpg","Çok Yakında Stoklarda"
"https://www.cnc-marketi.com/urun/modelci-cnc","","0","https://www.cnc-marketi.com/srv/service/content-v5/sub-folder/3/1004/quick-view/1477/eaae3ee9f0bc134b25215e240d0df92d2309c1e6d7e2937586e63efb739f582c4239f9b37e9ac9aa2947e7f1ef7015e7","Cnc Router","https://www.cnc-marketi.com/cnc-router","Modelci Cnc","69,47","69,47","","","https://cncmarketi.tsoftstatic.com/urunmodelci-cnc-10131-14-O.jpg","Çok Yakında Stoklarda"
"https://www.cnc-marketi.com/urun/modelci-cnc-makinesi","","0","https://www.cnc-marketi.com/srv/service/content-v5/sub-folder/3/1004/quick-view/1478/403c4498bb33676c2ac2d39329a5478095187ed9878a45f37bb3fcca4c64395c18dcfca36cf71f959b51884f5c227289","Cnc Router","https://www.cnc-marketi.com/cnc-router","Modelci Cnc Makinesi","69,47","69,47","","","https://cncmarketi.tsoftstatic.com/urunmodelci-cnc-makinesi-10132-14-O.jpg","Çok Yakında Stoklarda"
"https://www.cnc-marketi.com/urun/plastik-isleme-cnc","","0","https://www.cnc-marketi.com/srv/service/content-v5/sub-folder/3/1004/quick-view/1479/676edef674e86e1417c8da2a567680db479a9bda11be7b555d61a5345426dd530bc44a6c2a0d5660f49a8128734f758d","Cnc Router","https://www.cnc-marketi.com/cnc-router","Plastik İşleme Cnc","69,47","69,47","","","https://cncmarketi.tsoftstatic.com/urunplastik-isleme-cnc-10238-14-O.jpg","Çok Yakında Stoklarda"
"https://www.cnc-marketi.com/urun/profil-delik-delme-ve-profil-isleme-cnc-makinesi","","0","https://www.cnc-marketi.com/srv/service/content-v5/sub-folder/3/1004/quick-view/1480/16c6a073d17b382db138e28eb3a442b822bec48e9020c242ed6931b7df071e0cbbddcf319d0253469076e5ecee4bfafe","Cnc Router","https://www.cnc-marketi.com/cnc-router","Profil Delik Delme Ve Profil İşleme Cnc Makinesi","69,47","69,47","","","https://cncmarketi.tsoftstatic.com/urunprofil-delik-delme-ve-profil-isleme-cnc-makinesi-10246-14-O.jpg","Çok Yakında Stoklarda"
"https://www.cnc-marketi.com/urun/ahsap-cnc","","0","https://www.cnc-marketi.com/srv/service/content-v5/sub-folder/3/1004/quick-view/1445/501e4f851f18a37a8a46c8cfa2d882bc6d7b039c67ff5b0aa4dca58cd574aa03dd2d69ca46c37d2c6199b7ebfc90ab63","Cnc Router","https://www.cnc-marketi.com/cnc-router","Ahşap Cnc","69,47","69,47","","","https://cncmarketi.tsoftstatic.com/urunahsap-cnc-9602-14-O.jpg","Çok Yakında Stoklarda"
"https://www.cnc-marketi.com/urun/1200x800-isleme-merkezi-bakir-ve-aluminyum-isleme-cnc-makinesi","","0","https://www.cnc-marketi.com/srv/service/content-v5/sub-folder/3/1004/quick-view/1438/50864c990245ef35aa2db0986f45805d235fbb74fdc45dd9d4f83182132fb0fab29abb0ab28be1ad022550908c6df7aa","Cnc Router","https://www.cnc-marketi.com/cnc-router","1200X800 İşleme Merkezi Bakır Ve Alüminyum İşleme Cnc Makinesi","69,47","69,47","","","https://cncmarketi.tsoftstatic.com/urun1200x800-isleme-merkezi-bakir-ve-aluminyum-isleme-cnc-makinesi-9218-14-O.jpg","Çok Yakında Stoklarda"
"https://www.cnc-marketi.com/urun/1200x800-metal-isleme-makinesi","","0","https://www.cnc-marketi.com/srv/service/content-v5/sub-folder/3/1004/quick-view/1439/4ca4f76c117a3a9756662e3622a45e3ae5ef538226ebd5c585bcde947b15fc3527eee1542d3b1b1425df1efd79d3caa9","Cnc Router","https://www.cnc-marketi.com/cnc-router","1200X800 Metal İşleme Makinesi","69,47","69,47","","","https://cncmarketi.tsoftstatic.com/urun1200x800-metal-isleme-makinesi-9219-14-O.jpg","Çok Yakında Stoklarda"
"https://www.cnc-marketi.com/urun/4-eksen-divizor-doner-eksen-set","","39","https://www.cnc-marketi.com/srv/service/content-v5/sub-folder/3/1004/quick-view/334/8a746c40584b70d27516524f4ab2a9e625ffb9589e70682c4eef0e668758fbd8dc455c3b2e0ebeb52f1f7e1470e40248","Knife Handle High Speed Tool","https://www.cnc-marketi.com/knife-handle-high-speed-tool","4 Eksen Divizör (Döner Eksen) Set","24.767,60","15.108,23","","","https://cncmarketi.tsoftstatic.com/urun4-eksen-divizor-doner-eksen-set-9407-33-O.png","Çok Yakında Stoklarda"
"https://www.cnc-marketi.com/urun/3-eksen-cnc","","0","https://www.cnc-marketi.com/srv/service/content-v5/sub-folder/3/1004/quick-view/1440/e87816ba56fcc37fc234a8fabb4d2c4d437830b252bcf328706c6075beb3da08df7b046d9bba1715d8b30545f8e7006a","Cnc Router","https://www.cnc-marketi.com/cnc-router","3 Eksen Cnc Router Makinesi","69,47","69,47","","","https://cncmarketi.tsoftstatic.com/urun3-eksen-cnc-9297-14-O.jpg","Çok Yakında Stoklarda"
"https://www.cnc-marketi.com/urun/3-eksen-t-rex-1000-mini-cnc-freze","","0","https://www.cnc-marketi.com/srv/service/content-v5/sub-folder/3/1004/quick-view/1441/6bdeec817364ba5a4e49e830f9cd26743eb70c61c6a9080166697edf0f824f1a6364da5bba736403faf4a44671d3d825","Mini Cnc","https://www.cnc-marketi.com/mini-cnc","3 Eksen T-Rex 1000 Mini Cnc Freze","69,47","69,47","","","https://cncmarketi.tsoftstatic.com/urun3-eksen-t-rex-1000-mini-cnc-freze-9298-14-O.jpg","Çok Yakında Stoklarda"
"https://www.cnc-marketi.com/urun/kesici-uc-sogutucu-nozulu-kikirdak-hortumu","","39","https://www.cnc-marketi.com/srv/service/content-v5/sub-folder/3/1004/quick-view/784/9771d662aa22f52384f02653d73ef4a7a8f961b802fa2d1b72cb3ee6461a5667ab16498ec622358aa02016b74daa8fdd","Uç Soğutucu","https://www.cnc-marketi.com/uc-sogutucu","Kesici Uç Soğutucu Nozulu Kıkırdak Hortumu","502,33","306,42","","","https://cncmarketi.tsoftstatic.com/urunkesici-uc-sogutucu-nozulu-kikirdak-hortumu-9902-78-O.jpg","Çok Yakında Stoklarda"
"https://www.cnc-marketi.com/urun/mach3-kablosuz-el-carki-cnc-router-uzaktan-kumandasi","","49","https://www.cnc-marketi.com/srv/service/content-v5/sub-folder/3/1004/quick-view/1006/558859058b1e0d51cf84bb3deef6ce2efa422e5103dfd509616b6d42ca7f532839386c3019974485176119095d848653","Mach3 El Çarkı","https://www.cnc-marketi.com/mach3-el-carki","Mach3 Kablosuz El Çarkı Cnc Router Uzaktan Kumandası","11.101,02","5.715,36","","","https://cncmarketi.tsoftstatic.com/urunmach3-kablosuz-el-carki-cnc-router-uzaktan-kumandasi-10123-10-O.jpg","Çok Yakında Stoklarda"
"https://www.cnc-marketi.com/urun/3-eksen-mini-cnc-router-usb","","0","https://www.cnc-marketi.com/srv/service/content-v5/sub-folder/3/1004/quick-view/1444/cd93fa8287b0ef9759ccc07c1f56f494233d5b27ba0c1e3bb02d5af839319d7f6c503bf2b67fc694ae00b5e785928183","Cnc Router","https://www.cnc-marketi.com/cnc-router","3-Eksen-Mini-Cnc-Router-Usb","69,47","69,47","","","https://cncmarketi.tsoftstatic.com/urun3-eksen-mini-cnc-router-usb-9402-14-O.jpg","Çok Yakında Stoklarda"
"https://www.cnc-marketi.com/urun/ahsap-cnc-freze","","0","https://www.cnc-marketi.com/srv/service/content-v5/sub-folder/3/1004/quick-view/1446/43baa765c2eb0ca596c0f2a6bed7c548c64b7d9c3e6ff16847939ff927091a2874e457d1db5e3c82e15801e974254b18","Cnc Router","https://www.cnc-marketi.com/cnc-router","Ahşap Cnc Freze","69,47","69,47","","","https://cncmarketi.tsoftstatic.com/urunahsap-cnc-freze-9603-14-O.jpg","Çok Yakında Stoklarda"
"https://www.cnc-marketi.com/urun/ahsap-router","","0","https://www.cnc-marketi.com/srv/service/content-v5/sub-folder/3/1004/quick-view/1447/b11ae9bb9ae75a5fb5504a455e3b84af893e21a0a71f718ed6cd2c408ab33197521fcb06a2a23b4eb3ca2c5f7d2cbe9b","Cnc Router","https://www.cnc-marketi.com/cnc-router","Ahşap Router","69,47","69,47","","","https://cncmarketi.tsoftstatic.com/urunahsap-router-9604-14-O.jpg","Çok Yakında Stoklarda"
"https://www.cnc-marketi.com/urun/aluminyum-isleme-cnc","","0","https://www.cnc-marketi.com/srv/service/content-v5/sub-folder/3/1004/quick-view/1448/27a1dedb9b52fc2161eb957e992579ce12fd092815119fde4f24733aacf2f7ddaecd0142c739ed55df8dac25515cc497","Cnc Router","https://www.cnc-marketi.com/cnc-router","Alüminyum İşleme Cnc","69,47","69,47","","","https://cncmarketi.tsoftstatic.com/urunaluminyum-isleme-cnc-9605-14-O.jpg","Çok Yakında Stoklarda"
"https://www.cnc-marketi.com/urun/aluminyum-isleme-makinesi","","0","https://www.cnc-marketi.com/srv/service/content-v5/sub-folder/3/1004/quick-view/1449/dd8b131f0eedf9715a33b3c344a8c87961f3fbb0175aa4e425f1dd2f7e04f80b776621b7ab8f7c3dc8ab9981954ec8b9","Cnc Router","https://www.cnc-marketi.com/cnc-router","Alüminyum İşleme Makinesi","69,47","69,47","","","https://cncmarketi.tsoftstatic.com/urunaluminyum-isleme-makinesi-9606-14-O.jpg","Çok Yakında Stoklarda"
"https://www.cnc-marketi.com/urun/ankara-cnc","","0","https://www.cnc-marketi.com/srv/service/content-v5/sub-folder/3/1004/quick-view/1450/aa7792ef4a87f57c8d459aaec4a4db684a9826e1f1780f90cf511f765544421cc24af9bbf1c4d324f08e360fd7a8895f","Cnc Router","https://www.cnc-marketi.com/cnc-router","Ankara Cnc","69,47","69,47","","","https://cncmarketi.tsoftstatic.com/urunankara-cnc-9607-14-O.jpg","Çok Yakında Stoklarda"
"https://www.cnc-marketi.com/urun/bronz-isleme-cnc-makinesi","","0","https://www.cnc-marketi.com/srv/service/content-v5/sub-folder/3/1004/quick-view/1451/cdcdbb9f28c2c6d6784ebceac637a674f2029318bc9d212bb2bdcf1cd294dcd5b1bd03847b1ad47aeb353f334122f7d2","Cnc Router","https://www.cnc-marketi.com/cnc-router","Bronz İşleme Cnc Makinesi","69,47","69,47","","","https://cncmarketi.tsoftstatic.com/urunbronz-isleme-cnc-makinesi-9643-14-O.jpg","Çok Yakında Stoklarda"
"https://www.cnc-marketi.com/urun/cnc-agac-isleme-makinalari","","0","https://www.cnc-marketi.com/srv/service/content-v5/sub-folder/3/1004/quick-view/1452/aaa3eb24053e4158280c512977706d79749db9e313571503b28aac206beae4e28da350ffbc970f2dc3d557843e34094b","Cnc Router","https://www.cnc-marketi.com/cnc-router","Cnc Ağaç İşleme Makinaları","69,47","69,47","","","https://cncmarketi.tsoftstatic.com/uruncnc-agac-isleme-makinalari-9649-14-O.jpg","Çok Yakında Stoklarda"
"https://www.cnc-marketi.com/urun/cnc-ahsap-isleme","","0","https://www.cnc-marketi.com/srv/service/content-v5/sub-folder/3/1004/quick-view/1453/e2427a9a1e23b7b3e8b1fae57d5c314d5977e2d7b2692cf677a0545bbc90fb880756f4e85c0a4371b4f1072a6800dc08","Cnc Router","https://www.cnc-marketi.com/cnc-router","Cnc Ahşap İşleme","69,47","69,47","","","https://cncmarketi.tsoftstatic.com/uruncnc-ahsap-isleme-9650-14-O.jpg","Çok Yakında Stoklarda"
"https://www.cnc-marketi.com/urun/cnc-ahsap-kesim","","0","https://www.cnc-marketi.com/srv/service/content-v5/sub-folder/3/1004/quick-view/1454/2f8f318bce7ac303ca52572f4f70b0b3c002e1dedf1eedb1844146b09c4eedf5e1a305f19c1984f326c6e922af6855da","Cnc Router","https://www.cnc-marketi.com/cnc-router","Cnc Ahşap Kesim","69,47","69,47","","","https://cncmarketi.tsoftstatic.com/uruncnc-ahsap-kesim-9651-14-O.jpg","Çok Yakında Stoklarda"
"https://www.cnc-marketi.com/urun/3000x1600-servo-motorlu-otomatik-takim-degistirmeli-vakumlu","","0","https://www.cnc-marketi.com/srv/service/content-v5/sub-folder/3/1004/quick-view/1442/cbb6588d1c41b3618941a7bba241839eff84ccb92a437628f14ecf07898fd430b54144c1b6310c56fa53ee2f09374b8f","Cnc Router","https://www.cnc-marketi.com/cnc-router","3000X1600 Servo Motorlu | Otomatik Takım Değiştirmeli | Vakumlu","69,47","69,47","","","https://cncmarketi.tsoftstatic.com/urun3000x1600-servo-motorlu-otomatik-takim-degistirmeli-vakumlu-9374-14-O.jpg","Çok Yakında Stoklarda"
"https://www.cnc-marketi.com/urun/3000x2100-vakumlu-mobilyaci-ve-reklamci-cnc-makinasi","","0","https://www.cnc-marketi.com/srv/service/content-v5/sub-folder/3/1004/quick-view/1443/a57cdc3bb5bd140ffc3431df65071d9b78236aa40574448d746fcfac9fa2852709d865f019472be9d6588c620cd4062c","Cnc Router","https://www.cnc-marketi.com/cnc-router","3000X2100 Vakumlu Mobilyacı Ve Reklamcı Cnc Makinası","69,47","69,47","","","https://cncmarketi.tsoftstatic.com/urun3000x2100-vakumlu-mobilyaci-ve-reklamci-cnc-makinasi-9375-14-O.png","Çok Yakında Stoklarda"
"https://www.cnc-marketi.com/urun/kapi-cnc-makinesi","","0","https://www.cnc-marketi.com/srv/service/content-v5/sub-folder/3/1004/quick-view/1472/f7f345115d6e93caceff6eb1223701ad6bcb3d3e7390d8f6ea5f78521b54101fa156fb01a8550221459b1d03b66f8b0a","Cnc Router","https://www.cnc-marketi.com/cnc-router","Kapı Cnc Makinesi","69,47","69,47","","","https://cncmarketi.tsoftstatic.com/urunkapi-cnc-makinesi-9884-14-O.jpg","Çok Yakında Stoklarda"
"https://www.cnc-marketi.com/urun/mikro-matkap-ucu-seti-0-3-1-2-mm-10-parca","","39","https://www.cnc-marketi.com/srv/service/content-v5/sub-folder/3/1004/quick-view/1010/f25aa63de341cf95e45a0ee84dc681039b78fb12b208b843182b3f811a70bf4a5dfe844132e6fe416365b21290d67e8f","Promertech","https://www.cnc-marketi.com/mrk","Mikro Matkap Ucu Seti 0.3 - 1,2 mm (10 parça)","352,51","215,03","","","https://cncmarketi.tsoftstatic.com/urunmikro-matkap-ucu-seti-0-3-1-2-mm-10-parca-10128-10-O.jpg","Çok Yakında Stoklarda"
"https://www.cnc-marketi.com/urun/-10-mm-x-22-3d-isleme-karbur-freze-cnc-uclari","","48","https://www.cnc-marketi.com/srv/service/content-v5/sub-folder/3/1004/quick-view/1073/6205b5daa834458b1887d9591ea8d22f179d37e92d5cf8dd560358ed531cce7130ba642dbb8d2e5892d83d482df5529e","Cnc Router Bıçakları","https://www.cnc-marketi.com/cnc-router-bicaklari","Ø10 Mm X 22 3D İşleme Karbür Freze Cnc Uçları","800,93","416,48","","","https://cncmarketi.tsoftstatic.com/urun-10-mm-x-22-3d-isleme-karbur-freze-cnc-uclari-10196-10-O.jpg","Çok Yakında Stoklarda"
"https://www.cnc-marketi.com/urun/-10x22-mfdf-ahsap-plexsi-aluminyum-parmak-freze-karbur-uc","","39","https://www.cnc-marketi.com/srv/service/content-v5/sub-folder/3/1004/quick-view/1074/dcd47a7c4bc5eb99eb405bd4c3f05898600a29a4f311f31ffac64f63ed1daf1053549606c519d2a8892c62f3fb167ae6","Cnc Router Bıçakları","https://www.cnc-marketi.com/cnc-router-bicaklari","Ø10x22 Mfdf Ahşap Plexsi Alüminyum Parmak Freze Karbür Uç","802,48","489,51","","","https://cncmarketi.tsoftstatic.com/urun-10x22-mfdf-ahsap-plexsi-aluminyum-parmak-freze-karbur-uc-10197-10-O.jpg","Çok Yakında Stoklarda"
"https://www.cnc-marketi.com/urun/-8x22-mfdf-ahsap-plexsi-aluminyum-parmak-freze-karbur-uc","","39","https://www.cnc-marketi.com/srv/service/content-v5/sub-folder/3/1004/quick-view/1092/f7cea60f170f3ec5b673be1ec175a693ec5b42c81b47be625c651e23c84038b644e9ba65e3142a8648ddc296a205742a","Cnc Router Bıçakları","https://www.cnc-marketi.com/cnc-router-bicaklari","Ø8x22 Mfdf Ahşap Plexsi Alüminyum Parmak Freze Karbür Uç","641,78","391,49","","","https://cncmarketi.tsoftstatic.com/urun-8x22-mfdf-ahsap-plexsi-aluminyum-parmak-freze-karbur-uc-10215-10-O.jpg","Çok Yakında Stoklarda"
"https://www.cnc-marketi.com/urun/servis-bedeli-ve-cnc-router-ekipmanlari","","0","https://www.cnc-marketi.com/srv/service/content-v5/sub-folder/3/1004/quick-view/1468/b4b8ead1ef8340abec88a2ac7a4b133cacc54665492d11a4a7286b9ae75cb215de051d3990375297ad87161a18aca54f","Diğer","https://www.cnc-marketi.com/diger","cnc router makinesi","276.000,00","276.000,00","javascript:void(0);","Sepete Ekle","",""